tid,tfopwg_disp,st_tmag,pl_orbper,label
1003831,CP,10.6701,1.6511456,1
1133072,FP,12.625,0.846542,0
1167538,CP,10.0127,,1
1449756,FP,10.8256,11.3543085,0
1528696,CP,13.1686,0.8820624,1
1950736,FP,10.0745,3.1129681,0
4070275,CP,11.3993,5.4240691,1
4294779,FP,15.8552,0.3438892,0
4426490,FP,12.1616,2.668957,0
4646810,CP,8.8723,10.9245478,1
4897275,CP,7.6474,16.7100422,1
4918918,CP,10.7818,0.5734766,1
4999813,FP,12.6063,2.0849517,0
5024743,FP,10.1015,12.4498835,0
5109298,FP,10.6698,1.6187107,0
5772442,FP,10.351,1.10578,0
5800958,FP,11.9696,4.2318085,0
6653897,FP,11.4541,0.8857522,0
7439481,FP,14.0644,1.2540806,0
7548817,CP,12.0453,4.52074,1
7624182,FP,8.7929,1.1096992,0
7904580,FP,13.3008,15.8346011,0
8260536,CP,9.58055,10.590923,1
8260536,CP,9.58055,4.7728997,1
8348911,CP,13.5042,2.326343,1
8599009,CP,10.4673,2.88069,1
8967242,CP,8.3662,7.093853,1
9006668,CP,9.926601,1.2730965,1
9032368,FP,13.2889,1.632,0
9033144,FP,9.74346,4.7150255,0
9102327,FP,11.3018,3.2615,0
9348006,CP,10.9184,10.2405483,1
9727392,FP,11.2932,4.534451,0
9804616,FP,14.1118,0.5168347,0
9830791,FP,13.1021,3.5414573,0
9837861,FP,9.9021,0.6565741,0
9989136,CP,8.5446,6.1841688,1
10552342,FP,12.5058,7.5414411,0
10837041,CP,10.4238,0.7827075,1
11111899,FP,9.6996,0.6193401,0
11561667,CP,14.9181,3.0876297,1
11996814,FP,11.6484,0.4487349,0
12036590,FP,10.9766,5.73436,0
12421862,CP,9.92801,10.2152025,1
13023738,FP,12.2524,8.0635,0
14336130,CP,8.82897,8.082354,1
15247229,FP,9.886581,8.5112,0
15565627,FP,10.3332,3.80509,0
15682927,FP,12.3886,0.9655766,0
15692883,CP,9.7116,5.147905,1
15827263,FP,10.4263,3.9525732,0
16005254,CP,13.2239,3.7927572,1
16102323,FP,9.329701,3.2077145,0
16187321,FP,11.7211,4.2021893,0
17005768,FP,9.9176,6.8424983,0
17129975,FP,12.367,1.5142292,0
17150865,FP,12.5065,0.8706763,0
17416749,FP,8.63532,2.34483,0
17865622,CP,10.9541,3.1198404,1
18017227,FP,11.9245,0.6203033,0
18318288,CP,12.4106,1.3888584,1
18574158,FP,10.3552,4.9131459,0
19155785,FP,10.2207,3.1442556,0
19342878,CP,10.8042,1.3328252,1
20178111,FP,10.2767,1.734422,0
20182165,FP,7.0166,9.7815625,0
20182780,CP,13.4609,4.3533211,1
20892672,FP,13.105,3.10926,0
20988926,FP,12.0997,5.3194765,0
21535395,CP,7.6586,2.8009915,1
21755546,FP,8.40386,0.660179,0
21832928,CP,6.6813,16.3413889,1
22020459,FP,12.5961,1.3328042,0
22221375,CP,7.3635,3.9846589,1
22233480,CP,11.2695,7.4463034,1
22843856,FP,9.8203,1.8497201,0
23113034,FP,8.3482,1.7134571,0
23389848,FP,10.142,15.64643,0
23434737,CP,7.9995,25.5195307,1
23650642,FP,10.8219,1.12355,0
23769326,CP,12.3342,7.4332642,1
23863106,FP,13.8994,3.3078803,0
24094603,FP,11.0605,4.07611,0
24358417,CP,11.7024,22.6539607,1
24364065,FP,10.4717,4.05135,0
25624952,FP,13.222,3.1239462,0
26054627,CP,13.8117,3.3176675,1
26433869,FP,8.4107,1.0357235,0
26547036,CP,9.26693,1134.6723963,1
26583436,FP,13.0091,6.1429164,0
27064468,CP,9.56225,17.9051919,1
27064468,CP,9.56225,5.4589863,1
27244707,FP,12.816,1.6882863,0
27491137,CP,8.3745,10.3563596,1
27491137,CP,8.3745,21.0153047,1
27491137,CP,8.3745,35.1257472,1
27649847,CP,12.4029,1.5428486,1
27677846,FP,9.5668,5.6309047,0
27844066,FP,12.5299,1.8532983,0
28643432,FP,11.649,2.2751393,0
28873762,FP,13.3483,3.105654,0
28900646,CP,11.1117,0.6691449,1
29117085,FP,11.2119,13.247777,0
29191624,CP,8.737001,14.6503935,1
29336129,FP,12.5246,1.6363822,0
29374525,FP,11.8338,3.813812,0
29781292,CP,8.9387,22.8909897,1
29781292,CP,8.9387,84.2607645,1
29781292,CP,8.9387,56.0045056,1
29830212,FP,13.3994,7.3164282,0
29857954,CP,10.7379,9.47686,1
29959761,FP,11.8012,1.6471574,0
29960109,FP,11.2003,2.49221,0
29960110,CP,10.9473,2.4919771,1
30312676,FP,11.3029,1.10223,0
30329585,FP,10.2026,7.5022708,0
31114545,FP,10.3598,24.4232697,0
31268146,FP,10.1302,3.6473383,0
31374837,CP,8.1705,12.4610086,1
31374837,CP,8.1705,0.4900589,1
31656385,FP,11.9961,22.84518,0
31697707,FP,11.3612,3.910946,0
31858844,FP,15.7114,2.9776152,0
32283946,FP,11.7582,7.06181,0
32408928,FP,12.6825,1.0435229,0
32830028,FP,14.2321,0.516278,0
33091633,FP,10.2763,7.52118,0
33153766,FP,8.5234,0.68831,0
33595516,CP,11.5485,0.76566,1
33690636,FP,11.0427,4.99915,0
33692729,CP,8.7615,13.6308024,1
33878688,FP,11.1762,79.3739596,0
34068865,CP,8.031941,0.3219233,1
34077285,CP,9.2563,2.5735943,1
34466256,FP,12.0195,0.7029205,0
34505005,FP,12.9093,5.1627718,0
34551972,FP,10.5873,4.8542148,0
35009898,CP,12.2255,1.5275639,1
35315453,FP,10.2956,2.0340967,0
35377903,FP,10.3313,2.9937587,0
35883621,FP,9.65609,3.0519843,0
36574157,FP,12.9127,3.7804749,0
36724087,CP,10.5848,0.7683904,1
36724087,CP,10.5848,12.2534308,1
37084932,FP,9.5254,6.58454,0
37242226,FP,13.3581,1.0681394,0
37575651,FP,8.2866,9.5971977,0
37749396,CP,8.4991,13.4758478,1
37770169,CP,10.6995,12.1914558,1
38686737,FP,12.6038,2.24704,0
39077574,FP,13.2971,7.1404043,0
39414571,CP,11.5521,4.0197555,1
39699648,CP,8.4594,6.5273884,1
40055053,CP,11.6917,4.1793301,1
40292751,CP,9.77301,12.7791964,1
40779013,FP,11.8744,1.7113115,0
40954422,FP,10.0768,1.7578288,0
41227743,FP,10.714,1.4188153,0
41330864,FP,10.381,2.1358631,0
41422753,FP,12.3924,2.4710528,0
41865539,FP,12.3571,1.26092,0
41875043,FP,12.9691,0.9602835,0
42015200,FP,11.6818,9.77742,0
42123111,FP,9.5526,4.03349,0
42755801,FP,9.1672,4.3433389,0
42883782,CP,9.6069,6.3346129,1
42883782,CP,9.6069,16.2134274,1
44737596,CP,13.8231,2.788654,1
44745077,FP,13.0734,1.8756,0
44792534,CP,9.77919,3.68497,1
44898913,CP,14.2683,2.7299049,1
45684223,FP,12.7818,6.5832019,0
46772529,FP,12.8397,10.6332248,0
47484268,FP,12.4253,,0
47617038,FP,7.6581,3.3513304,0
48103627,CP,12.4399,4.5696698,1
48178229,FP,10.0386,2.6788253,0
48188920,FP,9.5937,0.73774,0
48276576,FP,13.5379,0.8334976,0
48476907,FP,9.5359,4.7192734,0
49043968,CP,11.6337,6.2462252,1
49254857,CP,11.6629,10.5988743,1
49428710,CP,10.6309,12.2193392,1
49617263,FP,10.2589,4.83266,0
49705089,CP,12.2627,9.6578504,1
49710555,FP,12.3035,12.08837,0
49899799,FP,8.28222,7.0114,0
49967354,FP,10.879,1.09333,0
50309953,FP,9.7906,7.04083,0
50365310,FP,9.604,2.1713484,0
50618703,CP,9.6504,1.5483542,1
50943163,FP,11.2351,2.4254068,0
51024887,FP,14.9885,8.2491871,0
51318828,FP,11.3321,6.8782937,0
51637609,CP,12.1088,2.709631,1
52005579,CP,10.1769,12.7614706,1
52041724,FP,9.87542,35.4028219,0
52368076,CP,10.1985,19.9815709,1
52368076,CP,10.1985,9.1549418,1
52368076,CP,10.1985,4.6517186,1
52548453,FP,10.1887,5.2146757,0
53427308,FP,10.379,5.80322,0
53498154,CP,10.0326,7.8854383,1
53498154,CP,10.0326,21.4904723,1
53498154,CP,10.0326,3.3903593,1
53498154,CP,10.0326,13.7317565,1
53593457,FP,15.0404,0.530893,0
54044474,FP,9.6306,3.7039994,0
54085154,FP,8.2046,1.0014437,0
54364414,FP,10.4608,1.37477,0
54390047,FP,9.6952,0.941436,0
54464870,FP,8.29254,3.6944323,0
54962195,CP,11.7602,7.1024749,1
54962195,CP,11.7602,4.6955986,1
54962195,CP,11.7602,2.5989031,1
55383975,FP,11.2595,48.0511988,0
55390413,FP,13.2387,1.8819016,0
55452495,FP,9.9524,17.7082945,0
55525572,CP,9.8467,83.8962434,1
55650590,CP,12.4312,0.7363132,1
55652896,CP,11.5748,34.5059318,1
55652896,CP,11.5748,17.3890454,1
56231866,FP,9.3185,2.7218347,0
56658270,CP,12.8131,8.8349261,1
58046864,FP,13.4411,2.3651663,0
58474992,FP,12.1157,25.714253,0
58542531,CP,9.794,3.057524,1
58824746,CP,10.7434,10.2829583,1
58825110,CP,11.1893,5.8588751,1
59003115,FP,11.3075,2.294185,0
59859387,FP,10.2761,1.1203828,0
60074373,FP,14.6435,3.190373,0
61117473,FP,12.123,6.1836211,0
61733521,FP,10.8911,3.36296,0
61980227,FP,12.0516,3.0958985,0
62483237,CP,9.3636,11.0708575,1
62530991,FP,9.8961,4.0266483,0
63013648,FP,10.8481,19.6304978,0
63303499,FP,10.194,1.9271328,0
63898957,CP,9.03971,3.3639254,1
63898957,CP,9.03971,13.0393586,1
64531556,FP,11.7018,7.8127906,0
64553698,FP,10.1799,8.6795072,0
64836837,FP,9.8115,10.9115374,0
65347776,FP,10.9166,25.86696,0
65412605,CP,9.50712,4.4010465,1
66356824,FP,12.4245,3.55562,0
66561343,CP,10.9739,10.6265837,1
66783360,FP,10.2107,1.3812787,0
67247610,FP,13.134,1.9740614,0
67309890,FP,10.2108,1.1623941,0
67512645,CP,14.9046,3.3706303,1
67926921,FP,9.9841,3.566276,0
68007716,CP,10.9657,5.4566563,1
68152139,FP,10.1342,0.73772,0
68322189,FP,12.5209,1.2833689,0
69356857,CP,11.7791,4.0966887,1
69672493,FP,9.642901,1.4920726,0
69838258,FP,12.0885,6.73069,0
69997672,FP,9.11458,1.80709,0
70513361,CP,8.1345,11.1452784,1
70524163,CP,10.6918,4.3474,1
70887357,FP,8.64807,723.8345008,0
70899085,CP,10.7329,4.0520368,1
71396541,FP,10.7386,6.269716,0
71401634,FP,13.1599,0.2476684,0
71431780,CP,9.09942,13.7270395,1
71582156,CP,9.16067,5.4911302,1
71854732,FP,12.6532,3.1004285,0
71854745,FP,10.2146,3.10315,0
73104318,FP,9.46925,7.45494,0
73228647,CP,9.4628,2.5404679,1
73244652,FP,11.8431,8.2100724,0
73540072,CP,11.3719,1.2436239,1
73649615,CP,12.5554,1.2392569,1
73723286,FP,9.1116,14.066109,0
74197917,FP,13.7682,1.5040804,0
74482749,FP,9.1103,1.2622658,0
74484886,FP,13.3285,3.8505662,0
75208638,FP,11.7159,4.6512523,0
75417968,FP,11.599,3.3815776,0
75427473,FP,8.96861,1.4713984,0
75650448,CP,12.0836,18.184189,1
75878355,CP,7.7945,95.8531625,1
75878355,CP,7.7945,9.2292078,1
76420654,CP,10.445,4.9133022,1
76505260,FP,13.2608,2.5336422,0
76923707,CP,10.4654,4.5320502,1
77031413,FP,11.4996,1.38665,0
77102895,FP,12.7158,1.0962372,0
77156829,CP,10.4276,0.8602406,1
77156829,CP,10.4276,4.9652069,1
77156829,CP,10.4276,3.6942604,1
77228304,FP,15.7298,0.336826,0
78672342,FP,10.1347,2.9795358,0
78775584,FP,10.7217,5.5553784,0
79395355,FP,11.407,7.31898,0
79748331,CP,10.0059,12.2265595,1
79748331,CP,10.0059,6.4438657,1
80029842,FP,12.2896,2.3992876,0
80174172,FP,13.494,1.1104301,0
80275202,FP,10.4989,3.6649528,0
80478272,FP,11.224,5.0859432,0
81212286,FP,12.507,0.6850808,0
81231810,FP,12.9,5.4521068,0
81247740,CP,10.6503,1.3641482,1
81429971,FP,10.1356,3.0432421,0
82010657,FP,9.64805,,0
82302240,FP,12.5225,2.5057108,0
82362447,FP,15.2474,2.819817,0
82707763,FP,10.1405,6.6570835,0
83053699,FP,12.9214,3.3378852,0
83092282,CP,8.5615,6.4025295,1
83210867,FP,9.94025,1.1967018,0
83275782,CP,11.8423,2.6570006,1
84126162,FP,13.3268,3.6688102,0
85293053,CP,9.3523,8.0542207,1
86005116,FP,14.9131,0.4916402,0
86263325,CP,12.9113,4.5445569,1
86280613,FP,9.5173,9.573548,0
86451883,FP,13.3911,1.7561019,0
87044036,FP,12.3128,1.0711292,0
87216634,CP,6.5715,12.9256051,1
88902249,CP,10.1757,7.7119842,1
88992642,CP,8.55942,10.2611329,1
89020549,CP,10.8061,2.1096805,1
89510024,FP,9.577,2.3664127,0
89535068,FP,10.3349,6.1110945,0
89643259,FP,10.4813,2.2219839,0
89702406,FP,11.5252,23.1438551,0
89759617,FP,10.4806,3.3295394,0
89876424,FP,13.3403,1.5380702,0
90448944,FP,9.5719,1.4415577,0
90504905,FP,13.7991,2.2645386,0
90544017,FP,8.7157,3.2235985,0
90850770,CP,10.9651,8.000489,1
90919952,FP,10.5084,4.13812,0
91555165,CP,10.3759,42.1289893,1
91555165,CP,10.3759,1.0526157,1
91576611,FP,8.7823,4.43651,0
91869778,FP,10.9521,3.4771921,0
91987762,CP,7.4098,45.5221456,1
92013169,FP,9.73965,2.3552639,0
92359850,FP,9.65521,4.155,0
92783821,FP,10.2115,3.8615978,0
93594834,FP,10.3138,1.3387555,0
93963408,FP,10.0267,2.396722,0
94986319,CP,9.2711,16.067522,1
94986319,CP,9.2711,5.1976858,1
95010343,FP,9.16636,6.880459,0
95057860,CP,13.5011,3.5809733,1
95122849,FP,12.0515,10.1197017,0
95129101,FP,10.8508,3.929983,0
95660472,CP,11.9824,3.244299,1
96246348,FP,7.678,1.4095184,0
96291218,FP,10.3614,13.7058173,0
97158538,FP,8.783341,2.5950747,0
97568467,CP,9.14112,10.655694,1
97700520,FP,7.6095,5.4255548,0
97735297,FP,9.4098,1.8354365,0
97766057,CP,11.8994,3.2535299,1
97921547,CP,11.1007,2.8279716,1
98286422,FP,13.1057,2.9646096,0
98494121,FP,10.9931,3.06555,0
98613492,FP,11.8275,1.0617107,0
98796344,CP,8.84294,5.358776,1
99330090,FP,11.1693,7.0080817,0
99869022,CP,10.4221,3.6714717,1
100267480,FP,12.722,0.87741,0
100389539,CP,10.8961,4.2809767,1
100589632,FP,11.1581,3.9471567,0
100990000,CP,7.757,4.0403007,1
100990000,CP,7.757,9.5730787,1
101011575,CP,8.5925,6.3980642,1
101011575,CP,8.5925,18.8792871,1
101037590,CP,9.62924,8.7094632,1
101395259,FP,10.1913,7.574675,0
101497191,FP,10.298,3.64376,0
101929303,FP,10.3075,11.1876137,0
102713734,CP,10.8064,3.397862,1
102734241,CP,12.6396,10.9048392,1
102840239,CP,9.36,11.1972769,1
102840239,CP,9.36,734.4987702,1
103245940,FP,13.0742,3.2517862,0
103633434,CP,9.91924,3.4447015,1
103865797,FP,14.2399,2.2232698,0
104022675,FP,13.0326,0.7428708,0
104195270,FP,10.9988,3.6859958,0
105387356,FP,11.4186,1.5163046,0
105801221,FP,9.6913,3.0750728,0
106114491,FP,10.6372,9.7216312,0
106224626,FP,13.4979,3.3418892,0
106402532,CP,8.8411,4.8847937,1
106997505,FP,9.3003,2.74323,0
107728509,FP,10.4304,2.6646183,0
108645766,FP,13.2312,2.974175,0
108835813,FP,10.0813,4.76516,0
108939482,FP,13.5295,1.1870337,0
110428269,FP,8.90601,0.64971,0
110936761,FP,10.4519,2.2906144,0
112037203,FP,13.2041,4.3622356,0
112395568,FP,8.8849,5.742625,0
113295476,FP,13.5689,1.820443,0
113553629,FP,10.1989,4.30438,0
113919944,FP,12.55,1.2297408,0
113921235,CP,11.3281,59.8473992,1
114103134,FP,11.6079,1.1468708,0
114103136,FP,16.0657,1.1471548,0
115242351,FP,13.1099,5.6748327,0
115446313,FP,9.88372,4.9707023,0
115564354,FP,11.6985,1.6421819,0
116257066,FP,11.1843,6.5019596,0
116483514,CP,9.1043,1.4520486,1
116608612,FP,9.17041,3.4557863,0
117068362,FP,12.1566,4.2005957,0
117256577,FP,9.7032,1.6865822,0
117322779,FP,10.485,0.68601,0
117689799,FP,11.6006,2.1570462,0
117843067,FP,10.6749,2.3767548,0
117979694,FP,10.5094,1.9784257,0
118021229,FP,9.947331,0.88501,0
118301361,FP,9.08054,3.46608,0
118308828,FP,12.1162,3.7353995,0
118327550,CP,10.3475,7.397216,1
118798035,CP,11.2937,48.8621728,1
118798035,CP,11.2937,11.5317273,1
118798035,CP,11.2937,22.5709991,1
119081096,FP,12.4268,0.83707,0
119292328,CP,8.9767,7.1887332,1
119584412,CP,9.85623,10.6439385,1
119585136,CP,14.9839,2.2054776,1
120269103,FP,8.26522,20.4276727,0
120585579,FP,12.5766,6.340315,0
120602501,FP,8.48216,14.8626982,0
120723776,FP,12.483,2.8831285,0
120826158,CP,9.00568,5.1830043,1
120896927,CP,8.3157,17.1796673,1
120896927,CP,8.3157,4.7559995,1
120916706,CP,15.6198,0.5568212,1
121966220,FP,10.8001,6.7171913,0
122220263,FP,9.03609,18.6922101,0
122262940,FP,10.2688,2.0034063,0
122485078,FP,10.0106,9.1505,0
123106490,FP,11.3002,3.3004862,0
123482865,CP,9.4727,6.5562078,1
124029677,CP,11.215,20.9108406,1
124095888,FP,11.5137,1.1258127,0
124379043,CP,12.0753,1.962292,1
124543547,FP,10.5672,,0
124573851,CP,10.1755,3.9451359,1
124702477,FP,10.9539,0.7951534,0
124709665,FP,9.299501,1.8675574,0
125894957,FP,10.5484,2.67425,0
126171392,FP,12.935,0.7835688,0
126357909,FP,13.5184,1.2247985,0
126606859,CP,12.9374,1.1589013,1
126733133,FP,10.027,1.4687098,0
126772538,FP,13.4542,1.4700596,0
127315102,FP,8.4672,10.8458712,0
127425841,FP,9.83204,1.5166573,0
127476180,FP,10.2957,1.6038093,0
127530399,CP,11.1116,1.0115336,1
127793615,FP,10.9805,9.27898,0
128463355,FP,10.1078,13.9086,0
128501004,FP,9.76952,0.78999,0
129107501,FP,11.5102,3.6534344,0
129319156,FP,10.3918,4.73703,0
129432342,FP,10.9198,1.79217,0
129539786,FP,9.24102,2.0881134,0
129881395,FP,13.4704,3.3630421,0
130181866,CP,6.2683,20.5438153,1
130181866,CP,6.2683,7.107934,1
130191319,FP,12.1038,1.6117444,0
130611752,FP,12.8004,0.4405893,0
130924120,CP,9.0498,17.4682298,1
131036011,FP,13.1038,11.0701242,0
131081852,FP,9.957501,13.2735914,0
131419878,FP,8.8154,3.16043,0
131581522,FP,13.2864,3.059168,0
131581531,FP,12.0536,3.0591641,0
131979339,FP,8.2268,22.6384642,0
132320310,FP,10.9602,1.3955317,0
132534906,FP,12.5874,3.0617364,0
133505138,FP,9.5115,2.4360845,0
133654092,FP,10.4527,1.97353,0
134200185,CP,9.4022,0.5481573,1
134315574,FP,13.205,1.5971584,0
134396419,FP,10.2681,4.3652608,0
135083444,FP,10.0721,2.7917911,0
136848581,FP,9.90482,2.6400663,0
136971594,FP,9.1384,1.25562,0
137157546,FP,12.0672,3.6841446,0
137284119,FP,9.14819,2.5778717,0
137500798,FP,10.3042,13.2054538,0
137543637,FP,12.574,1.2833113,0
137906197,CP,9.91008,7.3377236,1
138017750,FP,7.42812,2.4727425,0
138361973,FP,9.7604,1.8824539,0
138497780,FP,12.2337,3.6754815,0
138968089,FP,11.6459,0.6412558,0
139118482,FP,11.3366,6.7136512,0
139285736,FP,11.9969,1.55028,0
139285832,CP,11.5273,0.77685,1
139375960,CP,10.1035,5.33155,1
139853601,FP,8.45086,0.6808702,0
140691463,CP,12.0166,2.0845434,1
140706664,FP,10.7173,3.28892,0
140830390,FP,11.7106,12.8379689,0
141205978,CP,11.7201,1.5574603,1
141227133,FP,10.251,2.42232,0
141405814,FP,9.7402,1.1355457,0
141412823,FP,10.4078,21.7004042,0
141482386,FP,10.0814,18.0157,0
141488193,CP,11.0383,56.4043748,1
141616639,FP,12.3454,3.2428744,0
141631253,FP,10.8521,1.6709011,0
141663460,FP,8.522,1.76442,0
141663464,FP,7.185,1.76447,0
141776043,FP,11.2295,4.06269,0
142087638,FP,11.1464,74.6065192,0
142087638,FP,11.1464,74.6068965,0
142090065,FP,9.01249,2.8269356,0
142276270,CP,8.9361,12.5187279,1
142276270,CP,8.9361,18.795547,1
142276270,CP,8.9361,6.2586065,1
142276270,CP,8.9361,26.3208756,1
142277868,CP,14.3088,18.9926881,1
142381532,CP,9.7722,38.8135498,1
142387023,CP,8.9754,22.8085719,1
142394656,CP,10.1495,8.157721,1
142532090,CP,11.992,9.3202467,1
142748283,CP,13.4764,6.3878202,1
142748283,CP,13.4764,3.1190716,1
142918609,FP,9.7925,14.5378,0
142937186,CP,9.0138,1.30613,1
143032776,FP,14.667,12.4856615,0
143257766,FP,10.4063,1.66226,0
143350972,FP,7.6818,1.0817,0
143526444,FP,9.3309,15.3050693,0
143994283,FP,10.5551,1.90879,0
144043410,FP,10.5484,6.2636501,0
144193715,CP,10.339,9.1512776,1
144440290,FP,8.7635,,0
144700903,CP,12.6785,2.32664,1
144956678,FP,9.9071,1.5136003,0
144970275,FP,12.6067,2.5313424,0
145027461,FP,10.4029,1.07242,0
145982812,FP,10.4708,0.82967,0
146208651,FP,9.796,6.5197781,0
146244533,FP,10.5387,8.8088443,0
146261607,FP,10.1749,8.4915117,0
146434840,FP,9.49344,17.95473,0
146463781,FP,14.7034,0.417921,0
146467675,FP,9.70467,1.6375303,0
146520535,CP,11.0462,4.32765,1
146836153,FP,13.3181,2.3252878,0
146846569,FP,15.173,4.7535388,0
147340931,FP,10.5287,4.31224,0
147576037,FP,9.6043,13.0727479,0
147660201,FP,11.1557,0.579398,0
147895461,FP,12.4322,0.5919629,0
147950620,CP,10.4782,2.3106428,1
147977348,CP,10.0367,5.0037758,1
148233571,FP,12.2082,0.9422588,0
148523092,FP,12.9573,2.8562935,0
148659924,FP,10.3437,7.3816254,0
148673433,CP,10.6147,3.7711066,1
149126400,FP,15.764,1.2253159,0
149282072,FP,10.4787,3.7006742,0
149601126,CP,13.4006,49.2445599,1
149601126,CP,13.4006,23.3418536,1
149601557,FP,10.0163,29.0161646,0
149845414,CP,8.90594,7.9940367,1
150030205,CP,9.1059,39.361947,1
150030205,CP,9.1059,4.5117295,1
150098860,CP,9.6878,10.6953065,1
150151262,CP,9.9059,51.6991905,1
150151262,CP,9.9059,9.5313801,1
150151262,CP,9.9059,84.83869,1
150271680,FP,9.5215,2.593694,0
150428135,CP,10.9102,16.051106,1
150428135,CP,10.9102,27.8096898,1
150428135,CP,10.9102,37.4236838,1
150428135,CP,10.9102,9.977273,1
151483286,CP,11.3944,4.0397189,1
151724385,CP,10.1872,6.1406207,1
151728428,FP,10.9951,3.9997367,0
151759246,CP,8.6133,2.6282606,1
151825527,CP,11.6739,3.6335834,1
151920165,CP,12.5695,3.4671474,1
151930063,FP,12.8919,5.2201338,0
151959065,FP,11.955,10.5426254,0
152685831,FP,12.6532,3.4714171,0
152714791,FP,10.3486,1.27349,0
153027658,FP,10.2413,2.3374921,0
153065527,CP,11.2828,13.1757294,1
153065527,CP,11.2828,6.614911,1
153078576,CP,12.5264,2.7029187,1
153197346,FP,13.509,2.642447,0
153651591,FP,10.5259,2.1456324,0
153951307,CP,11.2582,3.2947689,1
153951307,CP,11.2582,0.7645807,1
154089169,CP,10.2549,8.9534775,1
154220877,CP,14.6877,2.002703,1
154293917,CP,11.8136,6.6080989,1
154459165,FP,10.4259,3.1471655,0
154716798,CP,10.7192,12.6396982,1
154867950,FP,8.68013,0.6664948,0
154872375,CP,9.02855,8.0277326,1
154927364,FP,10.249,6.9744232,0
155005217,FP,10.4216,7.6047417,0
155044736,FP,10.7069,1.3730466,0
155114483,FP,9.25068,5.2651271,0
155491828,FP,11.1169,16.0475029,0
155807906,FP,13.0777,0.4057204,0
155867025,CP,13.1751,2.1547472,1
155947004,FP,11.8993,9.4258906,0
155986102,FP,12.0235,6.87168,0
155995204,FP,13.5281,9.30734,0
156115721,FP,9.2386,2.5047918,0
156648452,CP,11.8747,3.4936188,1
156678143,FP,11.0139,7.2585779,0
156816238,FP,12.7553,2.1461672,0
156991337,FP,10.234,6.9055908,0
157236902,CP,9.85277,,1
157528286,FP,13.0556,1.6562803,0
157568289,FP,10.4091,1.8361503,0
157698565,CP,10.7211,61.6277,1
158002130,CP,10.112,9.6867516,1
158025009,CP,9.0739,1.0697621,1
158241252,CP,7.9147,1.8498567,1
158297421,CP,13.6699,3.9228016,1
158551257,FP,14.2502,0.9023951,0
158555987,FP,11.8995,5.5460893,0
158588995,CP,11.8764,1.9771658,1
158916431,FP,9.9094,5.8924856,0
159334269,FP,13.3675,1.1578392,0
159418353,CP,9.812,8.3033493,1
159510109,FP,8.8523,16.9487087,0
159781361,CP,9.6087,15.3468182,1
159873822,CP,10.7545,13.7905315,1
160045097,CP,11.3069,4.9877056,1
160045097,CP,11.3069,1.8290294,1
160162987,FP,10.7791,23.0531698,0
160268701,FP,8.63287,11.2071839,0
160390955,CP,12.0729,4.4178042,1
161032923,CP,12.7067,3.9652485,1
161156159,FP,10.1854,2.2818488,0
161450762,FP,9.711,1.32003,0
161687209,FP,12.8161,1.2529962,0
162246865,FP,10.361,0.5646193,0
162577466,FP,13.1815,3.6772391,0
162729620,FP,12.3613,13.4364908,0
162802770,CP,11.1897,4.880964,1
163539739,CP,11.7819,14.4751062,1
164150539,FP,10.3126,6.1600888,0
164173105,CP,8.51017,3.0726434,1
164767175,CP,9.45661,19.6050966,1
164767175,CP,9.45661,10.7511248,1
165202476,CP,13.3272,2.9093856,1
165464482,CP,11.323,4.3345378,1
165523947,FP,10.2918,2.99041,0
166184426,FP,11.1825,16.3152,0
166184428,CP,11.0196,16.3363665,1
166190643,FP,11.7528,1.6540803,0
166648874,CP,12.6196,15.1512051,1
166697854,FP,10.8387,2.75753,0
167009792,FP,8.5122,1.133052,0
167031605,FP,9.9534,2.7809,0
167098530,FP,9.3213,0.890967,0
167418898,FP,10.2401,10.9803025,0
167754523,FP,9.1536,6.7992776,0
168871868,FP,11.402,17.1217196,0
169177766,FP,10.1617,1.692892,0
169187982,FP,13.33,1.764534,0
169249234,CP,12.1772,7.1858029,1
169532369,FP,11.5781,3.60364,0
169765334,CP,10.6929,5.7042858,1
169904935,FP,9.1309,4.5505945,0
170103435,FP,10.0879,1.9785151,0
170729775,CP,9.8999,16.6542431,1
170849515,CP,14.857,1.9416366,1
172110606,FP,8.96147,2.0197299,0
172370679,CP,12.5826,29.0902271,1
172376068,FP,12.585,6.1211661,0
172464366,FP,11.0913,2.921685,0
172518755,CP,9.1824,3.2087149,1
172630205,FP,12.6989,0.599092,0
172754786,FP,12.8903,4.1273472,0
172871230,FP,12.2794,3.4100261,0
173860688,FP,10.9017,0.845657,0
174143743,FP,10.1007,0.46132,0
174328045,CP,9.60892,5.0569708,1
175079720,FP,12.4698,2.2623261,0
175180796,FP,11.143,1.55747,0
175310067,FP,10.6257,12.6889415,0
175476629,FP,12.8509,1.14057,0
176314383,CP,12.0676,3.3759446,1
176772671,FP,13.8995,1.3326579,0
176778112,FP,9.6114,1.33679,0
176831592,FP,9.1013,2.53405,0
176956893,CP,11.4057,6.9067868,1
176984236,FP,10.5683,1.7560902,0
177126182,FP,10.3075,6.3037582,0
177612321,FP,13.2863,3.145502,0
177722855,FP,10.5224,2.3960724,0
178155732,CP,5.9053,11.2304605,1
178155732,CP,5.9053,3.58529,1
178155732,CP,5.9053,5.9739124,1
178162579,CP,12.0327,3.5514016,1
178709444,CP,13.6615,3.4716808,1
178819686,CP,9.5275,12.2772444,1
178819686,CP,9.5275,5.6057748,1
178959058,FP,9.783,5.4468377,0
179033846,FP,11.7919,1.476869,0
179034327,CP,9.0567,17.9635083,1
179155220,FP,10.6659,0.60274,0
179159972,FP,10.6124,1.37101,0
179317684,CP,10.8719,4.2311173,1
179582003,CP,10.2301,104.6162557,1
180695581,CP,9.0363,0.54937,1
180987952,FP,9.5287,1.38917,0
181804752,CP,13.5571,0.9479945,1
181804752,CP,13.5571,4.9899176,1
182470056,FP,12.9604,0.879268,0
182943944,FP,10.6019,1.10422,0
183120439,CP,11.788,2.2554459,1
183979262,FP,8.3291,3.4307565,0
183985250,CP,9.1031,0.7920645,1
184670625,FP,12.5004,0.5241284,0
184679932,FP,9.25319,2.1721416,0
184869170,FP,12.3467,7.7235903,0
184952758,FP,9.0349,4.109953,0
185226925,FP,12.1624,3.1979646,0
185405474,FP,9.87278,1.56029,0
185482513,FP,12.6206,1.2368321,0
186000935,FP,9.76577,8.8735214,0
186599508,FP,9.76636,5.6318074,0
186812530,CP,9.19813,3.6773543,1
187029841,FP,9.66027,0.361112,0
187495621,FP,11.6429,3.2662137,0
187532854,FP,12.2059,1.6513066,0
187861378,FP,11.2486,2.1816809,0
188570092,CP,11.3875,7.327945,1
188589164,CP,10.2705,2.6162769,1
188593930,FP,12.3574,1.46503,0
188768068,CP,5.8961,2.1779407,1
188989177,FP,9.1414,1.17409,0
189013222,FP,10.2892,1.3228701,0
189620016,FP,12.2186,1.1792344,0
190081497,FP,10.3364,3.1630387,0
190271688,FP,10.163,12.6534664,0
190430205,FP,9.8261,1.06884,0
190442486,FP,10.4568,5.4561177,0
190496853,CP,10.3015,4.6616079,1
190743990,FP,10.2566,1.7380504,0
190981760,FP,12.7345,3.5463582,0
191146556,FP,10.3959,2.5798051,0
191373021,FP,12.8953,0.3013943,0
192372961,FP,9.1222,2.06313,0
192520375,FP,12.5405,0.9109508,0
192790476,CP,9.3951,19.1047019,1
193336820,CP,10.4382,5.006622,1
193628179,FP,11.9993,3.2623468,0
193634953,CP,14.2085,2.9479689,1
193641523,CP,10.0732,1.3929721,1
193708920,FP,11.9635,1.3298469,0
194179013,FP,12.7825,3.1785277,0
194736418,CP,9.3229,5.826731,1
194795551,CP,11.3208,2.0180196,1
195093356,FP,11.8572,7.8284207,0
195199644,FP,10.0849,1.19888,0
196286587,FP,10.1985,10.4137962,0
197650870,FP,10.3209,2.1853174,0
197959526,FP,11.8199,0.7196291,0
198008005,CP,10.6444,3.2797206,1
198153540,CP,10.5191,0.4378083,1
198153540,CP,10.5191,8.0214735,1
198241702,CP,10.9897,4.2529641,1
198356533,CP,8.69378,18.840891,1
198385543,CP,11.8467,3.9306746,1
198390247,CP,10.1426,6.5886877,1
198390247,CP,10.1426,4.3135263,1
198485881,CP,12.9672,35.1896444,1
198616607,FP,12.4627,3.6311186,0
199162630,FP,11.8563,2.7649802,0
199376584,CP,8.0417,18.712253,1
199444169,CP,10.1917,1.2168732,1
199688472,FP,9.84566,1.4412175,0
200322593,CP,11.5045,1.2391534,1
200593988,FP,12.3069,7.6787462,0
200723869,CP,7.0286,18.3877081,1
201154493,FP,9.7479,1.51233,0
201175570,CP,10.264,9.6994666,1
201177276,CP,13.6521,5.4693888,1
201186294,CP,11.0136,0.98933,1
201233610,FP,12.9528,21.05271,0
201248411,CP,9.9005,0.980972,1
202426247,CP,7.7885,1.0662082,1
202428245,FP,9.3373,32.1400505,0
202468443,FP,14.5982,2.0685871,0
204650483,CP,9.02765,9.956296,1
206466531,FP,10.0081,1.42744,0
206498307,FP,11.3882,13.4190392,0
206541859,CP,10.5663,30.083503,1
207084429,FP,7.1995,4.89577,0
207110080,CP,10.9923,14.5728985,1
207141131,CP,8.1796,4.1374403,1
207468071,FP,9.29416,1.7727505,0
207468071,CP,9.29416,20.3807824,1
207501148,FP,9.85317,,0
208030798,FP,12.052,1.7167587,0
209459275,CP,10.5704,6.9839072,1
209464063,CP,10.6691,119.3355264,1
210083929,CP,10.5581,2.3927114,1
210337597,FP,11.8096,0.5257499,0
212253390,CP,9.2551,3.0926858,1
212957629,CP,14.3109,3.0766835,1
218795833,CP,14.4347,1.2652338,1
219015370,CP,10.9458,3.9152737,1
219016883,CP,11.637,4.8721904,1
219041246,CP,12.7022,10.4419896,1
219151731,FP,10.1217,1.4853364,0
219164808,FP,9.6646,1.6773063,0
219189765,CP,14.7599,1.7318529,1
219205407,FP,10.8732,6.1253092,0
219208037,FP,11.1925,0.9776805,0
219239945,FP,10.966,13.697384,0
219344917,CP,9.7607,14.362738,1
219366908,FP,12.653,0.6293198,0
219379012,FP,10.231,1.5464949,0
219388773,FP,10.6793,1.5716819,0
219466803,FP,12.9179,12.5951009,0
219467837,FP,12.64,39.9753375,0
219698776,CP,11.1966,4.6595169,1
219766989,FP,11.9951,0.5109902,0
219821826,FP,12.2169,9.6799809,0
219824469,FP,10.5038,5.4809161,0
219850915,CP,11.0157,6.4002807,1
219852584,CP,10.7973,3.1968838,1
219852882,CP,10.7261,1.7622537,1
219852882,CP,10.7261,5.5025577,1
219854185,CP,10.8041,3.9443668,1
219854519,CP,10.5481,31.0343214,1
219857012,CP,8.2865,21.2690422,1
219860288,CP,12.4251,4.2660553,1
220016044,FP,10.3987,0.9399664,0
220076110,CP,11.916,4.808498,1
220396259,FP,9.9124,0.91677,0
220435095,FP,11.8999,3.4231002,0
220479565,CP,12.2958,3.6977167,1
220518305,FP,10.294,14.1520377,0
224225541,CP,9.3258,4.9377227,1
224245334,CP,11.5166,3.7852328,1
224297258,CP,9.99454,9.6141636,1
224313733,FP,10.9374,197.0336254,0
224418572,FP,11.8512,2.8465928,0
229091748,FP,12.7226,0.4568,0
229141709,FP,11.766,14.20489,0
229285649,FP,10.7669,8.493027,0
229384040,FP,9.11269,1.2980202,0
229400092,CP,11.2086,4.1419805,1
229455001,CP,9.01932,22.3417286,1
229510866,CP,10.079,2.1031647,1
229536616,FP,10.9873,3.93034,0
229650439,CP,10.3237,9.4280902,1
229650439,CP,10.3237,5.1396666,1
229742722,CP,9.93689,63.4839358,1
229747848,CP,10.7157,4.8420438,1
229747848,CP,10.7157,0.8474218,1
229770036,FP,10.6666,2.14056,0
230001847,CP,11.2347,2.994263,1
230017325,FP,10.3843,9.6926509,0
230055368,CP,11.6196,1.4344602,1
230075120,FP,11.1315,0.7676706,0
230086768,FP,13.4447,34.9270483,0
230127302,CP,11.1802,5.9041278,1
230127302,CP,11.1802,37.9251983,1
230127302,CP,11.1802,4.3074513,1
230127302,CP,11.1802,18.6548829,1
230267547,FP,10.4288,2.2263798,0
230386397,FP,11.2011,19.5078657,0
231702397,CP,13.084,5.0780325,1
231703293,FP,12.4537,0.907105,0
231721005,FP,10.0039,9.0182016,0
231736113,CP,11.4266,10.5739824,1
232540264,CP,8.4724,15.9234883,1
232568235,CP,9.75874,0.3524597,1
232608943,CP,11.8787,482.8191,1
232608943,CP,11.8787,82.6901439,1
232612416,CP,11.1153,4.3601536,1
232679662,FP,10.3018,7.8513774,0
232941965,CP,10.6338,7.1487697,1
232967440,CP,10.2938,7.0643978,1
232967666,FP,10.3874,15.196,0
232976128,CP,10.2108,13.0791581,1
232982558,CP,9.98671,27.6438617,1
232982938,CP,11.1315,9.0941239,1
233087860,CP,9.9469,5.7484439,1
233390838,FP,9.53591,6.4474918,0
233497719,FP,12.8746,3.801591,0
233503636,FP,11.5906,3.40612,0
233541860,FP,9.9592,0.2666485,0
233569098,FP,10.6746,23.48522,0
233602827,CP,12.2574,4.4891367,1
233602827,CP,12.2574,9.0447039,1
233681149,FP,10.8037,8.5874668,0
233684822,FP,9.89947,4.6756655,0
233720539,FP,10.8946,2.555332,0
233735068,FP,10.0194,7.6869063,0
234523599,CP,14.1266,3.7955178,1
234994474,CP,9.22978,1.4015183,1
235678745,CP,11.0788,28.1722501,1
235678745,CP,11.0788,17.664866,1
235683377,CP,12.4934,0.4090681,1
235684392,FP,13.0309,21.7894491,0
236387002,CP,10.3978,7.2008611,1
236775063,FP,13.0109,0.7409429,0
237101326,FP,13.0273,1.5373948,0
237104103,CP,10.9585,4.5371361,1
237185205,FP,9.7831,15.7335693,0
237200747,FP,11.463,14.3034613,0
237222864,CP,9.1416,10.288886,1
237232044,CP,9.9377,23.5407467,1
237235093,FP,11.812,2.6834113,0
237751146,FP,14.1477,1.669769,0
237808867,FP,9.792,0.56708,0
237913194,CP,11.4864,15.1689723,1
237922465,CP,12.4333,8.2754608,1
237929468,CP,11.8153,25.8663869,1
238162973,FP,13.3872,11.8885643,0
238197709,FP,10.3001,13.7252522,0
238374636,FP,9.697,1.3214483,0
238597883,FP,9.1355,3.5730141,0
239136269,FP,13.286,1.0590994,0
239332587,CP,8.72762,0.9263237,1
239372503,FP,8.716291,0.8560277,0
239541449,FP,10.9417,1.9261183,0
239638934,FP,10.5284,6.0027375,0
239722954,FP,13.1472,1.4958429,0
239816546,CP,11.9775,2.9887654,1
239977528,CP,10.2592,30.1584857,1
240148934,FP,10.3135,2.02365,0
240613164,FP,10.1441,1.99143,0
240823272,CP,11.419,9.0881638,1
240968774,CP,10.5977,5.9711357,1
241065596,FP,10.2936,1.6256942,0
241102583,FP,12.4323,1.7386091,0
241174783,FP,9.54224,4.0802864,0
242083025,FP,10.7892,0.6466988,0
242460075,FP,12.9841,2.9098435,0
242536549,FP,9.5187,0.6923563,0
243153196,FP,10.7304,10.1391591,0
243185500,CP,10.8858,15.5324385,1
243185500,CP,10.8858,1.880531,1
243283955,FP,11.9125,8.407133,0
243333538,FP,13.7703,2.9985667,0
243641947,CP,13.2486,2.5926199,1
245462406,FP,10.2948,2.27456,0
245509452,CP,11.8433,3.246208,1
246965431,CP,12.0828,4.0785273,1
247873937,FP,12.1359,4.6498719,0
248250955,CP,11.9251,0.3011506,1
249067445,FP,8.95699,0.8317937,0
249812036,FP,9.624,5.7785318,0
249862365,FP,9.10226,0.98999,0
250111245,CP,13.9766,2.9304371,1
250386181,FP,9.89377,1.470258,0
250484865,FP,8.7973,0.76189,0
251209368,FP,13.0632,3.0071496,0
251848941,CP,10.42,9.9616347,1
251848941,CP,10.42,6.5578513,1
251848941,CP,10.42,20.708504,1
252537013,FP,10.4505,7.0469712,0
252636888,FP,10.4116,2.590266,0
253030300,FP,12.2361,2.8300213,0
253132689,FP,10.3345,3.217824,0
253917293,FP,11.2901,4.608,0
253990973,FP,9.7345,0.540933,0
254113311,CP,10.1429,8.34998,1
254113311,CP,10.1429,4.0686405,1
254629854,FP,10.7989,0.9714298,0
255760319,FP,8.9944,7.21048,0
255851356,FP,9.9747,2.4018591,0
255918903,FP,13.0566,1.7201092,0
256349966,FP,12.0913,14.5877856,0
256414077,FP,10.5907,3.01106,0
256621916,FP,10.4243,1.4136455,0
256722647,CP,11.8832,2.9224661,1
256886630,FP,8.26618,2.03905,0
257052211,FP,10.5702,2.2175244,0
257060897,CP,11.2633,3.660032,1
257527578,CP,10.6509,54.3212423,1
257605131,CP,10.2666,9.1910792,1
257605131,CP,10.2666,1.8586624,1
257605131,CP,10.2666,16.364873,1
258402425,FP,9.87437,0.67554,0
258510872,CP,11.9742,6.5440665,1
258514800,CP,10.1522,0.4702719,1
258557847,FP,10.042,3.965824,0
258777134,FP,10.451,5.929405,0
258777137,FP,9.9478,5.9294088,0
258796169,CP,12.8872,1.5538188,1
258801269,FP,10.938,5.48923,0
258804746,CP,9.5209,0.224195,1
258871793,FP,12.6445,9.1469122,0
258920431,CP,11.7489,5.9839451,1
259126549,FP,10.9828,7.3845072,0
259129875,FP,10.5896,0.43889,0
259151170,FP,10.374,,0
259168516,CP,13.3081,4.8026561,1
259172249,CP,14.5179,4.2914879,1
259233660,CP,13.1638,0.4489589,1
259377017,CP,10.4981,11.3796991,1
259377017,CP,10.4981,5.6604773,1
259377017,CP,10.4981,3.3601671,1
259389219,FP,11.2486,2.3250156,0
259701242,FP,8.235,2.4854887,0
260004324,CP,10.1428,3.8143009,1
260043723,FP,8.735,3.1385856,0
260128333,CP,11.4881,95.174,1
260271203,FP,13.4734,5.6492853,0
260298958,FP,15.0804,0.8891483,0
260476837,FP,12.7918,2.23294,0
260609205,FP,12.7222,4.4617755,0
260647166,CP,8.6522,3.79589,1
260647166,CP,8.6522,19.5901578,1
260647166,CP,8.6522,6.2036219,1
260647166,CP,8.6522,14.1758947,1
260708537,CP,9.36854,1.7446984,1
260849386,FP,10.7961,1.0339,0
261135533,CP,10.4458,0.2381823,1
261136679,CP,5.1054,6.267832,1
261141602,FP,11.9409,1.4956727,0
261257684,CP,10.846,10.8772748,1
261257684,CP,10.846,83.9993991,1
261258875,FP,9.2691,2.5852,0
261867566,CP,10.5721,3.7395716,1
262135904,FP,10.1063,2.0990769,0
262499797,FP,14.8083,1.7509117,0
262530407,CP,9.49275,2.8531016,1
262530873,FP,12.5145,2.24172,0
262531275,FP,13.0261,2.4843369,0
262746281,CP,9.74179,16.1798603,1
262781201,FP,9.34567,1.3154261,0
263003176,CP,7.4371,14.3392144,1
263179590,CP,10.844,3.7382381,1
263203229,FP,12.792,5.0061978,0
264303333,FP,10.1583,0.8153098,0
264460005,FP,12.9876,3.0929206,0
264678534,CP,7.5825,16.2016817,1
265077027,FP,10.6596,4.79586,0
266688542,FP,10.1894,2.9424142,0
266843799,FP,9.9747,0.8062768,0
266980320,CP,9.179,6.0344634,1
267263253,CP,9.2205,4.1269046,1
267484653,FP,12.3512,1.7384809,0
267489265,FP,9.2293,1.5502952,0
267527924,FP,10.1853,1.8080364,0
267561446,FP,12.5313,1.283251,0
267574918,CP,16.338,1.4079369,1
267867517,FP,13.1802,2.6816329,0
268042363,FP,12.9858,4.6141256,0
268301217,CP,12.4933,0.9466787,1
268334473,CP,9.52636,16.7368995,1
268371979,FP,10.5153,2.78102,0
268372005,FP,11.907,6.4274159,0
268405086,FP,11.6643,6.8242909,0
268439377,FP,13.1591,0.9855374,0
268532343,CP,10.8285,5.84259,1
268727719,FP,13.3892,0.6257352,0
268914377,FP,15.8953,2.1538959,0
269077474,FP,12.8212,1.3164901,0
269238073,FP,9.68805,6.1461734,0
269269740,FP,12.5769,1.8639309,0
269333648,CP,10.6693,64.5947,1
269424395,FP,10.9518,2.41872,0
269450900,FP,7.3163,2.32439,0
269509393,FP,10.2866,1.76589,0
269701147,CP,8.2929,8.8803281,1
269701147,CP,8.2929,38.3511223,1
269701147,CP,8.2929,28.580474,1
269892793,FP,11.9056,1.7729239,0
270238522,FP,7.5586,1.36991,0
270333769,FP,10.4887,4.1207509,0
270604417,CP,10.8165,7.5427509,1
270841724,FP,10.441,18.90372,0
271042173,FP,11.857,0.476873,0
271167979,FP,13.0744,0.3093954,0
271169413,CP,10.9139,3.9649053,1
271439193,FP,12.2996,6.2329571,0
271478281,CP,7.4259,15.3419095,1
271581073,FP,10.5891,2.66903,0
271596418,FP,10.7109,0.556109,0
271722899,FP,11.191,19.2998,0
271893367,CP,10.9031,5.8574075,1
271900960,FP,8.2606,13.45913,0
271971130,CP,13.5308,19.2879579,1
272049972,FP,10.1914,1.0960111,0
272050287,FP,10.244,8.503614,0
272086159,FP,13.4004,16.155373,0
272625214,FP,10.4641,5.2469991,0
272828463,FP,9.42218,1.577609,0
273069412,FP,12.3711,3.5399394,0
273774284,FP,13.4177,17.2182695,0
274002141,FP,14.5853,1.6197991,0
274122380,FP,11.8225,2.873138,0
274138511,FP,10.4215,2.774207,0
274170255,FP,9.32845,1.41072,0
274599700,FP,11.8831,,0
274662200,FP,10.9313,1.2284388,0
274762761,FP,13.5608,1.0332441,0
274942910,FP,9.9809,1.0793011,0
275111900,FP,8.6746,8.0428575,0
275248683,FP,11.4407,0.53079,0
275384718,FP,10.2372,7.72433,0
275501623,FP,8.63701,1.67346,0
275562670,FP,13.5159,1.5810556,0
276380902,FP,10.3202,0.6171788,0
277014266,FP,10.6168,1.3797091,0
277103955,FP,9.2927,1.3090665,0
277128619,CP,11.9545,21.4921464,1
277634430,CP,12.0874,2.3260077,1
277871306,FP,10.1483,3.9602774,0
277987172,FP,12.4276,6.3989216,0
278199349,FP,11.499,9.46516,0
278726770,FP,10.1032,9.5160032,0
278866211,FP,10.2638,2.1940616,0
278968371,FP,12.4162,1.2997811,0
279177746,FP,10.1503,4.4350025,0
279212407,FP,9.98272,28.6620782,0
279251651,FP,10.5886,0.4038426,0
279605855,FP,13.1947,1.972401,0
279740441,FP,11.481,0.7418594,0
279741379,CP,6.9934,35.6133889,1
279741379,CP,6.9934,7.7897886,1
279947414,CP,11.5241,4.0664446,1
279982557,FP,11.6685,1.7890217,0
279989567,FP,11.4746,0.787177,0
279999655,FP,10.649,1.54104,0
280206394,CP,9.271401,11.2365977,1
280212554,FP,13.3574,1.1472535,0
280307604,FP,10.9833,4.3229915,0
280437559,CP,10.5424,1.8237371,1
280655495,CP,10.8137,5.8769438,1
281196902,CP,12.079,5.5455798,1
281408474,CP,9.65646,3.4076,1
281979481,FP,10.4929,0.5417947,0
282091493,FP,13.5709,3.3789946,0
282485660,CP,11.13,6.3084728,1
282498590,FP,11.6749,10.1004307,0
283015592,FP,12.5696,3.7027104,0
283702603,FP,12.5772,0.6691882,0
284050395,FP,9.74734,1.35932,0
284254253,FP,12.8482,1.862908,0
284288080,FP,10.8457,1.83485,0
284305328,FP,12.6967,2.2963814,0
284441182,CP,11.4752,2.5272822,1
284450803,FP,8.64028,3.3686634,0
284528889,FP,11.6437,4.112385,0
284564230,FP,10.2182,12.9773004,0
284747017,FP,11.7603,1.8012697,0
285048486,CP,10.7921,3.4913952,1
285233023,FP,12.4487,2.8577028,0
285524410,FP,11.422,3.0244222,0
285542903,FP,9.8722,2.2657506,0
285666479,FP,10.424,1.71614,0
285674856,FP,9.4883,1.74626,0
285677945,FP,10.2353,1.2427,0
286201103,CP,12.2936,0.8573727,1
286355915,FP,10.6479,4.076684,0
286561122,FP,10.2674,0.6803433,0
286696848,FP,12.8814,8.9279009,0
286916251,CP,9.69924,8.7655468,1
287080092,CP,8.80616,37.4685042,1
287139872,CP,12.7463,0.9351891,1
287139872,CP,12.7463,32.7135406,1
287145649,CP,12.7533,3.6015056,1
287156968,CP,9.6245,25.0571312,1
287190564,FP,10.6229,1.49861,0
287256467,CP,8.8975,18.2616878,1
287329267,FP,9.9959,7.6434423,0
287474726,FP,9.3994,3.7442007,0
288144647,CP,12.6758,3.8553342,1
288185138,FP,10.402,0.8352406,0
288391628,FP,8.36544,10.9278415,0
288421619,CP,13.123,12.9228111,1
288471040,FP,10.5893,2.5139764,0
288631580,CP,9.56906,5.8775548,1
288735205,CP,11.1534,3.4779776,1
289125016,FP,11.429,6.2043746,0
289164482,CP,10.3543,2.6796164,1
289316336,FP,11.2834,3.0038696,0
289441015,FP,12.695,1.5342604,0
289539327,FP,9.92402,11.2464616,0
289580577,CP,11.2078,5.3846239,1
289661991,CP,11.5817,2.8989758,1
289988797,FP,10.0415,2.2042212,0
290131778,CP,7.87598,3.3088922,1
290302097,FP,12.7858,2.9918201,0
290348382,FP,9.66865,6.4410082,0
290348383,CP,7.3661,6.441006,1
291147951,FP,13.3888,2.5313956,0
291555748,FP,10.6254,4.95912,0
291732201,FP,11.8802,6.7415334,0
292321872,FP,10.4562,8.66698,0
292797572,FP,12.6554,2.8013515,0
293075732,FP,12.7726,0.5666806,0
293527670,FP,10.3338,0.98656,0
293567206,FP,10.4929,0.6856225,0
293607057,CP,10.6311,4.2889696,1
293708935,FP,8.5941,2.6855915,0
293853437,CP,8.69437,8.7179665,1
293954617,CP,8.3879,7.4341456,1
293978434,FP,12.6746,1.5971426,0
294090620,FP,7.81307,8.044239,0
294173437,FP,12.5454,5.555905,0
294176967,FP,10.349,1.8296155,0
294179389,FP,10.5742,2.6796,0
294283951,FP,11.7056,4.3724063,0
294315741,FP,13.3162,3.5678072,0
294500964,FP,10.7757,9.0702531,0
294599100,FP,12.6275,5.6133922,0
294780517,FP,11.7345,15.6477055,0
294869729,FP,11.2716,1.1140067,0
295354126,FP,8.177301,2.2778177,0
295413003,FP,12.9875,3.0373017,0
295599256,FP,9.941,7.14386,0
295807723,FP,13.4161,0.6972223,0
296739893,CP,10.2139,5.0988038,1
296898634,FP,14.1736,2.8534013,0
297153209,FP,9.41809,10.7004569,0
297967252,FP,5.5324,9.6837908,0
298049015,FP,14.9652,3.9131371,0
298074836,CP,13.1066,6.7662729,1
298495970,FP,10.7033,8.4249043,0
298663873,CP,8.56854,260.1740061,1
298666530,FP,18.3324,0.5732087,0
299798795,CP,11.556,17.9453645,1
299798795,CP,11.556,4.1782656,1
299799658,CP,9.478,4.1150576,1
299876474,FP,14.4757,2.5950111,0
300011941,FP,10.5385,1.8141215,0
300013921,FP,10.8578,54.6616036,0
300038935,CP,9.0963,29.0496801,1
300557619,FP,11.4124,30.57908,0
300599466,FP,11.3377,13.17741,0
300810086,FP,9.0567,0.6680065,0
300812741,CP,10.0534,11.3071786,1
300812741,CP,10.0534,20.2254946,1
300871545,FP,10.0433,4.8170684,0
301051430,FP,11.0264,3.2744665,0
302659412,FP,9.4845,14.5187891,0
302766000,FP,12.428,0.2573207,0
302814895,FP,9.96017,8.6800186,0
302895996,FP,13.8097,0.567995,0
303055194,FP,9.78095,1.7615631,0
303364023,FP,13.0055,10.3469945,0
303432813,CP,9.9909,23.4428912,1
303867090,FP,12.4092,1.3168344,0
303883880,FP,13.3733,0.8970184,0
304021498,FP,9.7318,5.652623,0
304025075,FP,13.417,3.0290563,0
304042899,FP,9.5369,12.4458741,0
304142124,CP,7.8436,55.087,1
304774444,FP,10.2934,3.6245513,0
304950588,FP,13.2566,7.4316274,0
305048087,CP,13.4102,5.4361667,1
305424003,CP,9.9444,4.5849129,1
305478010,FP,13.2966,3.121339,0
305506996,CP,14.5249,2.3682389,1
305512837,FP,12.7316,3.0223957,0
305550963,FP,13.2445,1.5891628,0
305739565,CP,12.885,3.3704313,1
305943739,FP,7.948,5.3073459,0
306263608,CP,8.5725,20.7724316,1
306263608,CP,8.5725,52.5637056,1
306547699,FP,13.1235,2.6985136,0
306648160,CP,10.6651,3.6525305,1
306902029,FP,10.4406,1.0754572,0
306955329,CP,10.5508,6.3634106,1
306996324,CP,9.73597,15.6653322,1
306996324,CP,9.73597,8.2466133,1
307111282,FP,10.2978,,0
307210830,CP,9.41242,7.4507305,1
307210830,CP,9.41242,2.2531062,1
307210830,CP,9.41242,3.6906759,1
307377219,FP,12.4151,4.1629444,0
307734817,FP,11.6735,2.1075001,0
307809773,CP,7.89863,2.7694936,1
307809773,CP,7.89863,5.7060868,1
307956396,FP,13.2653,4.1508803,0
307958020,CP,8.3498,271.938639,1
308034948,FP,8.6014,0.831542,0
308050066,FP,9.99028,11.1755425,0
308073360,CP,11.366,11.8886495,1
308307606,FP,13.2361,9.8850244,0
308425348,FP,12.2876,3.39829,0
308919449,FP,9.8146,1.6563738,0
309257814,FP,11.6626,1.8135767,0
309402106,FP,8.488401,216.24584,0
309436531,FP,12.3297,3.2136333,0
309787037,FP,10.0119,1.3042553,0
309792357,CP,10.0391,104.8724252,1
310002617,CP,11.2961,3.1774814,1
310267134,FP,13.5252,0.5438807,0
310483807,FP,8.3854,2.55555,0
311121985,FP,9.00007,1.3561596,0
311183180,FP,9.1073,13.24981,0
311183180,FP,9.1073,10.043245,0
311890977,FP,10.5652,6.63371,0
312122956,FP,10.1283,2.0492064,0
312221462,FP,10.3703,30.4408598,0
312259170,FP,10.4049,0.8229,0
312469860,FP,9.9475,0.50261,0
312548415,FP,12.9165,2.2437501,0
312899686,FP,12.7821,4.4138638,0
313506357,FP,9.5621,1.532703,0
313675203,FP,9.462,2.5025812,0
313761775,FP,9.693811,1.5309799,0
313891529,FP,10.2845,12.3750537,0
314338017,FP,9.1325,10.9554897,0
314724818,FP,10.0199,4.4518604,0
315755496,FP,10.5008,4.27808,0
316254876,FP,10.3775,2.4611008,0
316402246,FP,9.6788,1.4014167,0
316606244,FP,10.9511,3.310636,0
316916655,FP,9.19901,2.87436,0
316937670,FP,12.1535,0.62425,0
317060587,CP,9.0197,9.139804,1
317397615,FP,10.2351,0.7438074,0
317507345,FP,9.68708,3.9401791,0
317548889,CP,6.7799,6.8659582,1
317597583,CP,8.9943,12.0557353,1
317951248,FP,10.0781,3.4438,0
318022259,CP,10.3595,12.5739572,1
318022259,CP,10.3595,6.2262315,1
318022259,CP,10.3595,2.1555232,1
318054782,FP,12.9913,0.8335712,0
318209162,FP,10.5295,711.7642825,0
318608749,FP,10.5135,20.0731588,0
318746829,FP,10.4234,5.2273176,0
318753380,CP,8.2969,15.6692322,1
319068154,FP,9.7436,3.7983639,0
319282294,FP,13.5964,1.1385671,0
319735319,FP,12.4889,2.9038027,0
319783554,FP,12.1164,1.819376,0
319968129,FP,10.3879,6.216994,0
320004517,CP,8.0888,17.4713078,1
320411045,CP,12.3239,14.8442674,1
320506985,FP,10.4925,1.08697,0
320525204,FP,8.88797,13.7431084,0
320536216,FP,10.1796,0.5476699,0
321436679,FP,12.6396,2.1263167,0
321668398,CP,11.5429,5.6442112,1
321669174,CP,11.642,10.5054362,1
321857016,CP,11.2287,6.9561134,1
322202434,FP,10.2505,1.4013505,0
322807371,CP,11.6707,,1
322862882,FP,13.364,1.2361087,0
323658120,FP,10.7717,43.8418559,0
323687123,CP,12.4289,4.0179805,1
324395151,FP,10.2581,3.4551479,0
325086150,FP,11.9742,5.4934218,0
325172035,FP,8.2376,2.8970202,0
325680697,FP,9.15779,1.82488,0
326114850,FP,9.98645,1.2456423,0
326347927,FP,11.9625,7.2617331,0
326470400,FP,9.8447,736.5528811,0
326732851,FP,10.5365,1.51567,0
326919774,FP,8.19,7.57193,0
327011842,FP,9.7828,0.783879,0
327017634,FP,8.386,,0
327210623,FP,12.6827,2.128423,0
327369524,CP,11.3864,4.0236805,1
327577308,FP,10.636,1.45655,0
327663613,FP,8.4215,1.41144,0
328081248,CP,11.1798,4.1645448,1
328167090,FP,10.0009,0.7131492,0
328513434,CP,14.4506,1.7904917,1
328750515,FP,10.7387,2.3359622,0
328934463,CP,10.9687,11.2347982,1
329145325,FP,10.4089,1.077774,0
329148988,CP,11.3078,27.2672016,1
329277372,FP,10.5998,2.8879675,0
329709756,FP,14.3196,12.5482879,0
329864959,FP,8.437,4.52318,0
330332501,FP,10.3599,4.0157492,0
330468175,FP,10.0146,0.70902,0
331034236,FP,9.27116,3.4272549,0
332154944,FP,9.60027,0.99837,0
332534326,CP,12.7979,2.4993895,1
332558858,CP,12.5882,13.3368173,1
332630868,FP,12.3805,736.5601487,0
332660287,FP,12.483,1.2434016,0
333473672,CP,10.1308,13.001789,1
333657795,CP,8.1359,0.9260632,1
333736132,CP,12.0742,731.9966539,1
333821572,FP,10.4337,2.8259491,0
334597566,FP,12.0471,9.1099373,0
334911765,FP,10.4877,0.88958,0
335483600,FP,8.7514,3.354053,0
335489455,FP,12.5455,2.1176601,0
335590096,CP,13.7726,1.5229985,1
335630746,CP,8.69009,4.6336155,1
335996558,FP,10.5027,1.46329,0
336128819,CP,11.7371,7.8519082,1
336267424,FP,12.5466,1.4821845,0
336456596,FP,10.9141,0.77871,0
337129672,FP,10.6029,49.1077047,0
337274055,FP,13.1052,4.8435717,0
339250695,FP,13.135,4.7262208,0
339538183,FP,9.7053,2.6093167,0
339591840,FP,12.9805,,0
339636032,FP,8.5885,6.8787507,0
339672028,CP,9.3935,10.3311621,1
339733013,FP,10.0793,5.62162,0
340700241,FP,13.3106,7.7925448,0
341186896,FP,9.6171,1.5078959,0
341272282,FP,11.0418,0.8133123,0
341297143,FP,11.1838,3.8421028,0
341419787,FP,10.7607,21.0689935,0
341444900,FP,8.629,9.0330414,0
341544930,FP,10.0049,7.6416041,0
341729521,FP,9.7727,8.4134856,0
341805908,FP,10.3355,1.491916,0
342642208,CP,10.1669,8.6007557,1
343019899,CP,10.0618,25.8386422,1
343442463,FP,8.95861,0.78381,0
343628284,CP,13.1717,8.0970819,1
343708863,FP,9.4128,5.9685742,0
344085117,FP,11.9732,0.659752,0
344224831,FP,12.5227,8.0179256,0
344416349,FP,11.86,7.8365317,0
344600402,FP,10.4425,1.3875331,0
345333936,FP,12.4033,1.4252334,0
345724317,FP,10.4875,2.817627,0
345996087,FP,10.2835,2.01976,0
346418409,FP,10.9243,2.7556532,0
347011522,FP,12.0205,17.2045725,0
347018922,FP,13.0852,1.1919382,0
347098457,FP,10.4856,3.1510408,0
347442932,FP,13.346,0.6646521,0
348054109,FP,12.0575,0.4378024,0
348135793,FP,10.1042,1.97741,0
348673213,FP,12.974,0.901465,0
348684813,FP,9.6732,7.7517472,0
348755723,FP,13.9036,4.503645,0
348755728,CP,13.3462,4.5063838,1
348835438,CP,9.9917,6.203496,1
348844154,FP,11.2532,29.17362,0
349095149,CP,10.0564,91.6827832,1
349373192,FP,9.7839,0.76983,0
349488688,CP,8.40302,,1
349576261,CP,11.5326,225.1037885,1
349786918,FP,9.9676,2.9663389,0
349790953,FP,10.3357,1.5521101,0
349972412,CP,12.5542,82.9294114,1
349972412,CP,12.5542,2.4261538,1
350044062,FP,12.3391,5.9522831,0
350153977,CP,10.6513,3.1837789,1
350293646,CP,10.0471,1.4468993,1
350332997,FP,11.7611,1.9160221,0
350348197,CP,9.18458,6.7535728,1
350445771,FP,11.0932,3.1901569,0
350618622,CP,8.5822,52.9787392,1
350743714,FP,9.6686,7.757643,0
350995812,FP,8.5011,2.97164,0
351601843,CP,11.1186,0.6047392,1
352413427,CP,8.297,5.2544884,1
352682207,CP,11.5163,5.4146235,1
352682207,CP,11.5163,1.3483075,1
352682207,CP,11.5163,14.7091662,1
352924930,FP,10.3755,4.0158188,0
353367071,FP,9.84095,2.37532,0
353475866,CP,10.6714,1.766692,1
353586703,FP,12.1953,3.0043128,0
354006740,FP,6.4018,1.76406,0
354151219,FP,11.5917,3.5639862,0
354285962,FP,12.4721,5.6289226,0
354400186,FP,9.7745,9.07768,0
354442783,FP,13.4418,1.5224706,0
354594208,FP,9.76119,0.86673,0
354600221,FP,9.867621,1.41853,0
354944123,CP,11.0318,5.538329,1
354944123,CP,11.0318,10.6886084,1
355636844,FP,10.7124,6.30556,0
355732304,FP,12.3367,2.5411063,0
355867695,CP,10.8116,49.825166,1
355867695,CP,10.8116,7.4931613,1
355867695,CP,10.8116,3.1274634,1
356235833,FP,9.1597,1.2680452,0
356453768,FP,10.4879,2.3330349,0
356461227,FP,13.2464,1.8418712,0
356867115,CP,10.5216,6.0964074,1
356868487,FP,11.7167,27.9102929,0
356919658,FP,11.2542,1.42611,0
357416482,FP,8.2057,5.49826,0
357457104,FP,9.521,1.748054,0
357501308,CP,8.962,7.4355709,1
357536526,FP,10.6707,1.57363,0
357538688,FP,11.5088,13.2681095,0
357972447,FP,10.2193,0.33759,0
358070912,CP,12.4923,0.8831279,1
358072664,FP,12.8989,4.1934945,0
358107516,CP,12.173,11.9124942,1
358186451,FP,10.9683,1.3176767,0
358631536,FP,10.0062,3.4040139,0
359271092,CP,7.66874,7.5768334,1
359496368,FP,10.1358,2.6652007,0
360156606,CP,13.802,27.3613778,1
360286627,FP,9.718,0.758082,0
360630575,CP,8.7215,13.9028391,1
360630575,CP,8.7215,9.188506,1
360816293,FP,12.2077,3.5506084,0
361034196,FP,10.0196,2.19296,0
361343239,CP,11.9383,2.3505698,1
361711730,CP,10.9097,10.2436729,1
361998994,FP,13.6447,1.84996,0
362249359,CP,10.1461,1.041889,1
363260203,FP,9.0211,1.2025238,0
363635669,FP,12.2951,0.7617828,0
363761216,FP,10.4708,7.4072602,0
364075352,FP,10.9591,37.83633,0
364107753,FP,7.0514,3.9043855,0
364186197,CP,8.82374,4.4247042,1
364395234,CP,11.7835,14.2545623,1
364408162,FP,11.785,3.1256662,0
365389353,FP,10.3093,2.6380089,0
365639282,FP,13.084,10.8717,0
365683032,FP,8.78822,1.4287976,0
365712006,FP,13.0267,3.0436916,0
365733349,CP,9.93119,2.6998294,1
365781372,FP,10.0267,1.13889,0
365952328,FP,12.4154,4.8741147,0
366074069,FP,9.78876,4.1812866,0
366119858,CP,12.7199,48.2590904,1
366563452,FP,9.5998,1.5873866,0
366602797,FP,13.0581,1.3574339,0
366622912,CP,13.7988,3.1148931,1
366989877,CP,8.4362,15.5077855,1
367099243,FP,10.4849,1.8286961,0
367102581,FP,9.39575,2.9798592,0
367287018,FP,11.3896,4.7257129,0
367333043,FP,13.2875,2.8778095,0
367858035,CP,10.0907,20.7051499,1
367913453,FP,12.3618,2.7761628,0
368287008,CP,12.8387,3.3491408,1
368435330,CP,8.6259,3.6451549,1
368435330,CP,8.6259,1.0376109,1
368536386,FP,10.3693,1.69433,0
368739874,CP,12.9463,3.3575477,1
369327947,CP,10.1508,2.0291067,1
369480087,FP,15.6615,0.3643225,0
369581703,FP,12.7919,8.508462,0
369861731,FP,12.3483,3.8780401,0
369864738,FP,9.5162,2.78186,0
370133522,CP,10.1165,0.5182425,1
370745311,FP,10.2355,0.62627,0
370759867,FP,9.76978,,0
370877263,FP,9.927,15.9865412,0
371188886,CP,10.3579,3.098367,1
371188886,CP,10.3579,9.1270519,1
371210825,FP,10.9894,0.40312,0
371579161,FP,12.0545,2.2215349,0
371673488,FP,9.95717,0.8165295,0
371711170,FP,12.1158,9.8482192,0
372172128,CP,11.3643,1.1953968,1
372207328,CP,10.97,0.2792211,1
372505528,FP,11.0986,3.8974136,0
372596796,FP,12.298,3.5366743,0
372913430,FP,8.3502,6.7391601,0
373424049,FP,8.6333,0.961917,0
373453507,FP,10.7302,15.7925628,0
373576942,FP,12.8424,0.8912218,0
373614579,FP,12.7085,8.2064867,0
373729723,FP,12.0633,13.0518467,0
373785851,FP,10.155,4.04163,0
374177909,FP,14.2981,0.1638211,0
374200604,FP,11.869,0.760019,0
374400599,FP,10.0188,1.8932775,0
374778982,FP,13.4977,2.3882776,0
374847873,FP,12.5964,2.0391741,0
374908020,FP,6.841,36.22214,0
375199523,FP,11.6866,1.9447712,0
375225453,FP,10.11,0.9209526,0
375506058,CP,7.79824,2.650232,1
376353509,CP,9.5831,7.3315684,1
376524552,CP,11.1237,3.7130701,1
376637093,CP,10.377,2.0560153,1
376682699,FP,10.381,1.1025238,0
376740324,FP,12.1229,4.5300175,0
376838000,FP,9.9272,2.1679,0
377024332,FP,9.089871,15.1771428,0
377064495,CP,9.5273,,1
377064495,CP,9.5273,10.778833,1
377064495,CP,9.5273,25.7122157,1
377064495,CP,9.5273,0.4465713,1
377144784,FP,10.0552,2.3866952,0
377165123,FP,12.9474,14.793901,0
377290815,FP,9.91892,0.798,0
377293776,CP,10.0306,2.0439268,1
377304435,FP,10.8475,11.35626,0
377420580,FP,10.1871,1.4147363,0
377739433,FP,10.1975,1.23852,0
378355116,FP,10.7633,3.5684459,0
379629854,FP,10.702,2.8278059,0
379723086,FP,10.0288,7.4398211,0
379929661,CP,9.6129,4.786958,1
379931600,FP,9.5967,2.9258727,0
380517859,FP,14.9156,1.109435,0
380886535,FP,11.7952,8.9066251,0
380887434,CP,9.16764,0.3994445,1
382188882,FP,10.6559,4.8000953,0
382302241,FP,11.0264,1.59782,0
382331352,FP,10.0067,11.47606,0
382437043,FP,9.3109,14.64319,0
382474101,FP,10.179,2.6520851,0
382602147,CP,13.3147,2.1357026,1
382626661,CP,9.6768,17.6174716,1
383390264,CP,8.7581,10.1826983,1
383531859,FP,9.5918,17.0614756,0
383666033,FP,11.2123,3.9678136,0
383723559,FP,9.58671,2.6667526,0
384045439,FP,10.0478,10.82661,0
384386061,FP,13.1335,5.7626055,0
384549882,FP,8.802,0.30412,0
384744828,FP,9.8062,3.0421334,0
384888319,CP,10.1406,5.8795752,1
384984325,CP,10.3622,8.5386633,1
384984325,CP,10.3622,5.6952223,1
385105624,FP,10.4511,1.7498117,0
385624852,FP,8.0981,8.30792,0
386297468,FP,12.3487,2.0958074,0
386435344,FP,8.77728,19.3721051,0
387079085,FP,9.0039,1.1923,0
387342052,CP,11.5829,3.5524144,1
387413037,FP,10.3197,6.72694,0
387603144,FP,11.0498,2.4567112,0
387664866,FP,9.08409,2.65646,0
387664868,FP,10.8823,2.65688,0
387690507,CP,13.5287,6.3875739,1
387834907,FP,8.4239,12.64001,0
388076005,FP,9.39435,1.7126115,0
388076422,CP,13.2297,2.5761796,1
388130235,FP,10.7891,92.1950921,0
388624270,FP,9.9138,14.2628757,0
389182138,FP,10.4602,2.7260173,0
389238529,FP,10.9987,0.49642,0
389371332,FP,12.4375,3.9077116,0
389525208,FP,10.0704,6.74657,0
389900760,CP,12.8233,5.7998189,1
389999924,FP,12.6453,4.7606207,0
390157607,FP,13.4748,0.3859142,0
390651552,CP,8.8223,1.467119,1
391821647,FP,10.8623,1.995837,0
391903064,CP,8.7843,4.6658007,1
391949880,CP,7.9849,4.9404714,1
392112968,FP,13.2785,1.1960086,0
392476080,CP,9.78569,0.67249,1
392681545,CP,7.4961,12.5759948,1
392681545,CP,7.4961,7.4903271,1
393251073,FP,11.6387,14.9857436,0
393626873,FP,12.2928,2.5139692,0
393818343,CP,8.9797,16.2499357,1
393831507,CP,10.5268,4.860673,1
393911494,FP,9.85649,0.6332593,0
393940766,CP,11.7835,4.8670758,1
394050135,CP,10.9461,8.8720542,1
394137592,CP,7.1062,11.535076,1
394287035,CP,11.584,17.1019622,1
394357918,CP,14.2612,4.9019938,1
394509844,FP,10.5,6.89132,0
394561119,CP,10.0068,4.0782392,1
394722182,CP,10.8673,3.5315897,1
394918211,CP,10.7934,4.3780194,1
395171208,CP,9.03527,4.7201912,1
395393265,CP,10.7053,3.3772835,1
395773226,FP,11.7899,3.8471662,0
396133015,CP,11.3209,5.2667367,1
396562848,CP,11.0548,1.9495403,1
396740648,CP,10.7424,3.7701296,1
397362481,CP,6.7213,4.466068,1
397362481,CP,6.7213,6.2031608,1
398733009,FP,15.61,0.8185672,0
398912927,FP,10.8154,19.8875338,0
399144800,FP,10.6392,27.2149622,0
399444057,FP,11.6433,2.0714803,0
399613138,FP,12.1245,8.1958135,0
399642071,FP,11.1567,2.2887763,0
399870368,CP,9.3371,2.7443216,1
399956873,FP,11.7513,6.949428,0
399967279,CP,12.0294,94.0997954,1
400323948,FP,11.0897,3.2242808,0
400395395,FP,12.4564,3.2891219,0
400466395,FP,12.2479,5.1391542,0
400476523,FP,12.2339,18.10671,0
400595342,FP,9.8174,3.6404389,0
400786146,FP,10.7716,22.1536777,0
401125028,CP,11.6955,5.1750108,1
401604346,CP,11.3996,2.1223673,1
402848417,FP,12.2041,28.4664618,0
402898317,CP,10.6699,53.8108713,1
403136413,FP,11.2314,2.51266,0
403224672,CP,7.384,1.0082361,1
403256331,FP,9.5425,3.77188,0
403287048,FP,11.3569,7.00776,0
403288821,FP,12.4978,0.5474737,0
403308915,FP,10.1731,3.7543552,0
403693875,FP,13.3675,3.5248693,0
404456775,CP,14.5372,3.0444485,1
404505029,CP,9.26733,9.5739531,1
404518509,CP,8.6022,25.1290153,1
404610583,FP,10.5332,3.5381039,0
405484221,FP,15.7488,42.8289152,0
405794804,FP,9.79455,1.44127,0
405862830,FP,10.3579,1.6268695,0
405904232,FP,10.1098,11.0765063,0
406190563,FP,10.351,1.773346,0
406443564,FP,13.2364,1.1167145,0
406855039,FP,9.54581,2.7180835,0
406941612,CP,10.4904,4.678059,1
407126408,CP,9.6181,11.099348,1
407146536,FP,11.2851,2.0976705,0
407146538,FP,11.9139,2.0915616,0
407394748,FP,9.5287,0.7522775,0
407591297,CP,10.5737,2.594675,1
407966340,CP,6.4386,3.0440441,1
407966340,CP,6.4386,7.0491608,1
408159788,FP,10.6152,2.300698,0
408203470,FP,12.9984,0.581322,0
408310006,CP,8.86849,5.4435354,1
408549705,FP,12.9177,9.5064017,0
408618999,CP,8.3302,7.0731057,1
408636441,CP,9.92838,18.8500438,1
408729765,FP,12.9551,4.6200781,0
409183335,FP,9.7229,3.32125,0
409459226,FP,10.5816,1.27997,0
409520860,FP,10.3973,0.71933,0
409794137,CP,10.2042,10.1802014,1
410153553,CP,11.9238,0.4629304,1
410214986,CP,7.8541,8.1382222,1
410245915,FP,10.2658,0.9889446,0
410528770,FP,10.4824,2.7536237,0
411347315,FP,13.1678,4.0662367,0
411608801,CP,10.3002,5.0267996,1
412014494,FP,9.3871,11.4756978,0
412257781,FP,12.7797,1.1894812,0
412259468,FP,11.0285,2.6535777,0
412961700,FP,6.725,2.5183846,0
413248763,CP,8.74094,3.9306027,1
414870287,FP,7.8165,4.95898,0
415741431,FP,10.471,2.1575124,0
415969574,FP,12.8691,10.45776,0
416624606,FP,10.2732,2.5152549,0
416987878,FP,10.399,2.86876,0
417646390,CP,10.8557,3.8016217,1
417705690,FP,10.0233,2.363311,0
417931300,CP,11.1806,7.7690887,1
417931607,CP,8.9989,16.5379864,1
417948359,CP,11.0244,3.3159772,1
418604868,CP,8.0581,15.6146058,1
418866096,FP,12.2011,6.6308943,0
418959198,FP,10.5152,4.8962484,0
418971787,FP,13.0246,1.0638184,0
418987806,FP,9.27904,0.88654,0
419411415,CP,13.6136,1.6306523,1
419419534,FP,10.9144,1.680148,0
419523962,CP,11.6593,5.7998626,1
419858461,FP,13.6313,2.5433707,0
419946164,FP,12.5348,1.7765395,0
420112587,FP,12.4989,11.062666,0
420112589,CP,12.295,11.0619937,1
420288086,FP,10.4397,6.5344463,0
420446142,FP,11.6697,5.8423636,0
420645189,FP,10.1374,48.5338626,0
420645189,FP,10.1374,48.5340395,0
420803693,FP,11.2063,0.9135968,0
421308357,FP,10.364,16.6828999,0
422653398,FP,11.0208,8.34034,0
422756130,CP,11.0294,3.1342946,1
422838133,FP,9.68129,5.3089937,0
423903685,FP,12.266,4.0938735,0
424196109,CP,13.6366,2.5432595,1
424699834,FP,12.8257,2.4011407,0
424747720,FP,13.0123,10.2813284,0
425163745,FP,10.855,0.27664,0
425220920,FP,10.2462,8.76905,0
425561347,CP,9.977,5.7772122,1
425721385,FP,9.7298,13.5499,0
425997655,CP,8.7513,12.1623046,1
425997655,CP,8.7513,7.9076301,1
425997655,CP,8.7513,29.7975386,1
425997655,CP,8.7513,17.6671735,1
425997655,CP,8.7513,3.9766833,1
426017070,FP,15.951,0.5992533,0
426077080,FP,9.4142,9.30992,0
427279997,FP,10.5682,2.89453,0
427348923,FP,11.6888,4.728681,0
427352241,FP,9.9955,1.2667147,0
427654774,FP,14.1431,5.222621,0
427761355,CP,8.75127,1.902606,1
428065977,FP,10.2347,1.6534102,0
428679607,CP,9.52906,2.6800536,1
428685938,FP,14.379,14.4896397,0
428699140,CP,11.7662,1.9268037,1
428787891,CP,10.6611,3.8240826,1
429295277,FP,10.186,1.10833,0
429304876,CP,9.2231,6.8392388,1
429358906,CP,12.2875,8.0239811,1
429414530,FP,11.963,2.6340964,0
430528566,FP,10.1993,0.5590256,0
430677414,FP,8.41718,0.46741,0
431148743,FP,8.706101,2.6277641,0
431156009,FP,9.44275,2.958148,0
431585347,FP,10.06,5.13664,0
431899140,FP,10.0888,1.9734615,0
431999925,FP,14.7095,1.445433,0
432008938,FP,13.7006,9.653456,0
432422552,FP,12.1134,9.7712443,0
434100688,FP,9.9309,1825.048364,0
434234955,FP,11.3818,6.0588453,0
434718964,FP,10.262,1.597226,0
435167167,FP,12.1474,3.0330919,0
435673126,FP,13.1744,11.5175506,0
435861696,FP,12.0,5.6902814,0
436099179,FP,12.5284,0.8999342,0
436873727,CP,7.1323,22.0933922,1
437011608,CP,7.6253,4.2403543,1
437156845,FP,12.7325,3.4906402,0
437740083,FP,11.0999,5.6020298,0
437856897,CP,8.6554,7.2455997,1
437893926,FP,12.4432,3.8454384,0
438295981,FP,9.52621,3.96643,0
438490744,FP,14.1396,1.665878,0
439366538,CP,11.2057,4.3135917,1
439456714,CP,11.7315,3.9934418,1
439610306,FP,9.0607,1.79988,0
439867639,CP,13.1292,0.3711334,1
440801822,FP,8.9362,2.0483755,0
440887364,CP,8.6486,8.5954792,1
440887364,CP,8.6486,3.8167262,1
441334829,FP,12.5449,4.4433921,0
441420236,CP,6.755,8.4536777,1
441462736,CP,7.3566,14.2811731,1
441546821,CP,7.7897,,1
441732151,FP,10.1688,2.09989,0
441738827,FP,13.3257,8.1490285,0
441738827,CP,13.3257,6.0784031,1
441739020,CP,9.4682,40.7501028,1
441739020,CP,9.4682,10.9836724,1
441765914,CP,10.8812,124.72987,1
443042089,FP,12.7683,0.5496848,0
443556801,CP,11.3676,1.5080197,1
443658196,FP,11.5124,4.5006638,0
444413256,FP,11.9551,4.0104917,0
444415148,FP,8.9676,1.83641,0
444523623,FP,12.9447,2.041659,0
444977814,FP,12.4889,11.3689753,0
445137888,FP,10.3654,2.013653,0
445254275,FP,10.9415,2.57134,0
445586472,FP,10.5704,1.7393631,0
445751830,CP,13.1858,3.4391954,1
445805961,CP,8.9134,24.2833782,1
445822015,FP,10.7014,1.66402,0
445859771,CP,10.418,4.6313014,1
445903569,CP,10.2396,4.0337201,1
446549905,FP,9.6789,2.4545635,0
446549906,CP,11.3819,2.45457,1
446616059,FP,9.77017,3.1072375,0
447061717,CP,10.2565,24.2454967,1
447283466,FP,7.9059,1.01606,0
449050247,FP,10.0938,2.96845,0
449050248,FP,9.87405,2.96844,0
449197624,FP,12.2624,6.7934811,0
449197831,CP,8.71008,3.7369689,1
449549170,FP,11.2925,1.4753526,0
449951606,FP,10.3879,5.1681189,0
450327768,FP,10.1883,5.34326,0
451599528,FP,7.5622,341.2791676,0
452006073,CP,11.8706,1.2669382,1
452483795,FP,13.0008,2.4515393,0
452803785,FP,10.4935,5.0037857,0
452810327,FP,12.5398,2.3540172,0
452866790,CP,11.1972,1.1979996,1
453209605,FP,10.5766,2.80944,0
453211454,CP,7.9259,9.0588209,1
453211454,CP,7.9259,21.4003129,1
453230066,FP,10.9469,1.5492212,0
453289469,FP,12.8492,0.7799194,0
453464017,FP,10.248,3.9416903,0
454248975,CP,11.4848,3.9014904,1
455784423,CP,12.7882,3.9365629,1
455962313,FP,9.599,2.25505,0
456042145,FP,13.4802,2.0474832,0
456305193,FP,10.2003,1.0995742,0
456862677,CP,11.302,15.2664658,1
457138169,FP,9.22437,1.0924536,0
457743020,FP,12.9004,3.251249,0
457939414,FP,10.1574,3.7899524,0
458419328,CP,12.4963,4.6747218,1
458856474,FP,5.666,6.081043,0
458857720,FP,9.8678,1.30924,0
458876004,FP,11.9814,3.6923071,0
458914949,FP,10.2543,12.5343031,0
459323923,CP,14.8294,2.6520679,1
459728249,CP,12.2685,8.9653531,1
459762279,CP,13.6281,8.7960328,1
459837008,CP,12.2591,2.2891027,1
459837008,CP,12.2591,3.4950422,1
459850897,FP,10.2726,1.1882681,0
459942762,FP,8.2482,0.58644,0
459997997,FP,10.4748,5.547485,0
460140752,FP,8.9301,12.0077462,0
460205581,CP,9.9322,8.3249172,1
460984940,CP,8.7537,2.7970316,1
461080504,FP,10.9572,6.0988471,0
461271719,FP,8.7823,7.6246239,0
461387302,FP,10.2763,5.8089284,0
461538935,FP,11.5576,5.289835,0
461591646,CP,10.9939,3.7246883,1
461662295,FP,9.92871,10.2558,0
462162963,FP,12.3935,1.3550447,0
462715015,FP,11.5578,1.7548863,0
463203560,FP,10.6758,1.9905105,0
463681005,FP,13.5552,0.5465391,0
464067218,FP,11.2012,1.3934565,0
464296022,FP,9.5706,12.1246519,0
464300749,CP,10.3823,18.0953159,1
464646604,CP,7.7582,7.7121208,1
466206508,CP,11.8452,75.1247037,1
466318137,FP,11.2789,1.1216021,0
466382581,CP,9.937,5.3829728,1
467006627,FP,11.499,15.4159906,0
467179528,CP,11.0402,18.8016111,1
467179528,CP,11.0402,10.8948421,1
467281353,FP,10.2081,2.8319354,0
467331291,CP,11.2473,3.3207642,1
467651916,CP,7.7746,3.9813082,1
467783290,FP,12.4332,3.6502527,0
468472950,FP,10.1277,0.98736,0
468574941,CP,10.996,1.4971447,1
468828873,FP,10.045,3.8954139,0
468845640,FP,10.3217,3.99307,0
468977648,FP,13.0698,2.090218,0
469184909,FP,12.4794,1.2926975,0
469436001,FP,13.149,0.9739887,0
470171739,CP,11.1477,4.6174254,1
470315428,FP,10.2851,1.08625,0
470381900,CP,13.9664,2.5005291,1
470709084,FP,10.4433,3.66505,0
470852531,FP,10.2918,1.49446,0
470911286,FP,12.5225,1.6212474,0
470974162,FP,12.3794,3.2583798,0
604863428,FP,13.2638,3.2358535,0
686072378,FP,16.2463,1.9426003,0
841226527,FP,11.4794,19.5112506,0
1001477809,FP,13.0949,7.6605425,0
1100766816,FP,10.0943,1.62263,0
1101909431,FP,12.5638,23.2556119,0
1400212743,FP,10.5163,5.24612,0
1400770435,FP,8.88797,13.7432169,0
1405997635,FP,10.3147,1.8697825,0
1717732429,FP,10.3018,7.8513949,0
1965256662,FP,11.9683,4.3170598,0
1976308113,FP,13.0852,2.7568649,0
1979500576,FP,12.2546,2.6342729,0
2041563029,FP,10.0526,12.80758,0
